{
  "n00dles": {
    "parent": "home",
    "portsneeded": 0,
    "hacklevelneeded": 1,
    "maxCash": 1225000,
    "children": [
      "nectar-net"
    ]
  },
  "nectar-net": {
    "parent": "n00dles",
    "portsneeded": 0,
    "hacklevelneeded": 20,
    "maxCash": 48125000,
    "children": []
  },
  "foodnstuff": {
    "parent": "home",
    "portsneeded": 0,
    "hacklevelneeded": 1,
    "maxCash": 35000000,
    "children": []
  },
  "sigma-cosmetics": {
    "parent": "home",
    "portsneeded": 0,
    "hacklevelneeded": 5,
    "maxCash": 40250000,
    "children": [
      "max-hardware"
    ]
  },
  "max-hardware": {
    "parent": "sigma-cosmetics",
    "portsneeded": 1,
    "hacklevelneeded": 80,
    "maxCash": 175000000,
    "children": [
      "silver-helix"
    ]
  },
  "silver-helix": {
    "parent": "max-hardware",
    "portsneeded": 2,
    "hacklevelneeded": 150,
    "maxCash": 787500000,
    "children": [
      "the-hub",
      "johnson-ortho"
    ]
  },
  "the-hub": {
    "parent": "silver-helix",
    "portsneeded": 2,
    "hacklevelneeded": 296,
    "maxCash": 2883576605,
    "children": [
      "catalyst",
      "I.I.I.I"
    ]
  },
  "catalyst": {
    "parent": "the-hub",
    "portsneeded": 3,
    "hacklevelneeded": 411,
    "maxCash": 6694543957.5,
    "children": [
      "alpha-ent"
    ]
  },
  "alpha-ent": {
    "parent": "catalyst",
    "portsneeded": 4,
    "hacklevelneeded": 525,
    "maxCash": 11805835055,
    "children": [
      "snap-fitness"
    ]
  },
  "snap-fitness": {
    "parent": "alpha-ent",
    "portsneeded": 4,
    "hacklevelneeded": 780,
    "maxCash": 7874999999.999999,
    "children": []
  },
  "I.I.I.I": {
    "parent": "the-hub",
    "portsneeded": 3,
    "hacklevelneeded": 357,
    "maxCash": 0,
    "children": [
      "lexo-corp"
    ]
  },
  "lexo-corp": {
    "parent": "I.I.I.I",
    "portsneeded": 4,
    "hacklevelneeded": 697,
    "maxCash": 13440847052.5,
    "children": [
      "galactic-cyber"
    ]
  },
  "galactic-cyber": {
    "parent": "lexo-corp",
    "portsneeded": 5,
    "hacklevelneeded": 867,
    "maxCash": 13159636192.5,
    "children": [
      "omnia"
    ]
  },
  "omnia": {
    "parent": "galactic-cyber",
    "portsneeded": 5,
    "hacklevelneeded": 938,
    "maxCash": 16582110509.999998,
    "children": [
      "defcomm",
      "zeus-med"
    ]
  },
  "defcomm": {
    "parent": "omnia",
    "portsneeded": 5,
    "hacklevelneeded": 958,
    "maxCash": 16146802559.999998,
    "children": [
      "infocomm",
      "zb-def",
      "nova-med"
    ]
  },
  "infocomm": {
    "parent": "defcomm",
    "portsneeded": 5,
    "hacklevelneeded": 877,
    "maxCash": 14721266315,
    "children": [
      "titan-labs",
      "microdyne"
    ]
  },
  "titan-labs": {
    "parent": "infocomm",
    "portsneeded": 5,
    "hacklevelneeded": 847,
    "maxCash": 14718722165,
    "children": [
      "vitalife"
    ]
  },
  "vitalife": {
    "parent": "titan-labs",
    "portsneeded": 5,
    "hacklevelneeded": 855,
    "maxCash": 13698828115,
    "children": [
      "kuai-gong"
    ]
  },
  "kuai-gong": {
    "parent": "vitalife",
    "portsneeded": 5,
    "hacklevelneeded": 1100,
    "maxCash": 404834191807.5,
    "children": [
      "blade"
    ]
  },
  "blade": {
    "parent": "kuai-gong",
    "portsneeded": 5,
    "hacklevelneeded": 1037,
    "maxCash": 262531553199.99997,
    "children": [
      "ecorp"
    ]
  },
  "ecorp": {
    "parent": "blade",
    "portsneeded": 5,
    "hacklevelneeded": 1146,
    "maxCash": 778243120322.5,
    "children": []
  },
  "microdyne": {
    "parent": "infocomm",
    "portsneeded": 5,
    "hacklevelneeded": 855,
    "maxCash": 10731065170,
    "children": [
      "fulcrumtech",
      "helios"
    ]
  },
  "fulcrumtech": {
    "parent": "microdyne",
    "portsneeded": 5,
    "hacklevelneeded": 1038,
    "maxCash": 28383403475,
    "children": [
      "omnitek"
    ]
  },
  "omnitek": {
    "parent": "fulcrumtech",
    "portsneeded": 5,
    "hacklevelneeded": 1084,
    "maxCash": 352655452607.5,
    "children": [
      "nwo",
      "clarkinc"
    ]
  },
  "nwo": {
    "parent": "omnitek",
    "portsneeded": 5,
    "hacklevelneeded": 1234,
    "maxCash": 540597782094.99994,
    "children": []
  },
  "clarkinc": {
    "parent": "omnitek",
    "portsneeded": 5,
    "hacklevelneeded": 1171,
    "maxCash": 399224717990,
    "children": [
      "fulcrumassets"
    ]
  },
  "fulcrumassets": {
    "parent": "clarkinc",
    "portsneeded": 5,
    "hacklevelneeded": 1355,
    "maxCash": 17500000,
    "children": []
  },
  "helios": {
    "parent": "microdyne",
    "portsneeded": 5,
    "hacklevelneeded": 884,
    "maxCash": 9936745892.5,
    "children": [
      "."
    ]
  },
  ".": {
    "parent": "helios",
    "portsneeded": 4,
    "hacklevelneeded": 505,
    "maxCash": 0,
    "children": []
  },
  "zb-def": {
    "parent": "defcomm",
    "portsneeded": 4,
    "hacklevelneeded": 797,
    "maxCash": 16427582167.499998,
    "children": [
      "run4theh111z"
    ]
  },
  "run4theh111z": {
    "parent": "zb-def",
    "portsneeded": 4,
    "hacklevelneeded": 525,
    "maxCash": 0,
    "children": []
  },
  "nova-med": {
    "parent": "defcomm",
    "portsneeded": 4,
    "hacklevelneeded": 844,
    "maxCash": 21491291430,
    "children": [
      "applied-energetics"
    ]
  },
  "applied-energetics": {
    "parent": "nova-med",
    "portsneeded": 4,
    "hacklevelneeded": 832,
    "maxCash": 17073167877.499998,
    "children": [
      "stormtech"
    ]
  },
  "stormtech": {
    "parent": "applied-energetics",
    "portsneeded": 5,
    "hacklevelneeded": 1014,
    "maxCash": 17547173262.5,
    "children": [
      "4sigma"
    ]
  },
  "4sigma": {
    "parent": "stormtech",
    "portsneeded": 5,
    "hacklevelneeded": 997,
    "maxCash": 274684016214.99997,
    "children": [
      "b-and-a",
      "powerhouse-fitness"
    ]
  },
  "b-and-a": {
    "parent": "4sigma",
    "portsneeded": 5,
    "hacklevelneeded": 1107,
    "maxCash": 417932529770,
    "children": [
      "megacorp"
    ]
  },
  "megacorp": {
    "parent": "b-and-a",
    "portsneeded": 5,
    "hacklevelneeded": 1313,
    "maxCash": 716879938092.5,
    "children": []
  },
  "powerhouse-fitness": {
    "parent": "4sigma",
    "portsneeded": 5,
    "hacklevelneeded": 1012,
    "maxCash": 15749999999.999998,
    "children": [
      "The-Cave"
    ]
  },
  "The-Cave": {
    "parent": "powerhouse-fitness",
    "portsneeded": 5,
    "hacklevelneeded": 925,
    "maxCash": 0,
    "children": []
  },
  "zeus-med": {
    "parent": "omnia",
    "portsneeded": 5,
    "hacklevelneeded": 809,
    "maxCash": 24380212955,
    "children": [
      "taiyang-digital"
    ]
  },
  "taiyang-digital": {
    "parent": "zeus-med",
    "portsneeded": 5,
    "hacklevelneeded": 933,
    "maxCash": 14425562497.5,
    "children": []
  },
  "johnson-ortho": {
    "parent": "silver-helix",
    "portsneeded": 2,
    "hacklevelneeded": 274,
    "maxCash": 1270390782.5,
    "children": []
  },
  "joesguns": {
    "parent": "home",
    "portsneeded": 0,
    "hacklevelneeded": 10,
    "maxCash": 43750000,
    "children": []
  },
  "hong-fang-tea": {
    "parent": "home",
    "portsneeded": 0,
    "hacklevelneeded": 30,
    "maxCash": 52500000,
    "children": []
  },
  "harakiri-sushi": {
    "parent": "home",
    "portsneeded": 0,
    "hacklevelneeded": 40,
    "maxCash": 70000000,
    "children": [
      "zer0",
      "CSEC"
    ]
  },
  "zer0": {
    "parent": "harakiri-sushi",
    "portsneeded": 1,
    "hacklevelneeded": 75,
    "maxCash": 131249999.99999999,
    "children": []
  },
  "CSEC": {
    "parent": "harakiri-sushi",
    "portsneeded": 1,
    "hacklevelneeded": 57,
    "maxCash": 0,
    "children": [
      "neo-net",
      "phantasy",
      "omega-net"
    ]
  },
  "neo-net": {
    "parent": "CSEC",
    "portsneeded": 1,
    "hacklevelneeded": 50,
    "maxCash": 87500000,
    "children": [
      "computek",
      "avmnite-02h"
    ]
  },
  "computek": {
    "parent": "neo-net",
    "portsneeded": 3,
    "hacklevelneeded": 359,
    "maxCash": 4095700349.9999995,
    "children": [
      "summit-uni"
    ]
  },
  "summit-uni": {
    "parent": "computek",
    "portsneeded": 3,
    "hacklevelneeded": 463,
    "maxCash": 5356543255,
    "children": [
      "rho-construction"
    ]
  },
  "rho-construction": {
    "parent": "summit-uni",
    "portsneeded": 3,
    "hacklevelneeded": 523,
    "maxCash": 10717030292.5,
    "children": []
  },
  "avmnite-02h": {
    "parent": "neo-net",
    "portsneeded": 2,
    "hacklevelneeded": 215,
    "maxCash": 0,
    "children": [
      "rothman-uni",
      "zb-institute"
    ]
  },
  "rothman-uni": {
    "parent": "avmnite-02h",
    "portsneeded": 3,
    "hacklevelneeded": 399,
    "maxCash": 4089607934.9999995,
    "children": []
  },
  "zb-institute": {
    "parent": "avmnite-02h",
    "portsneeded": 5,
    "hacklevelneeded": 745,
    "maxCash": 17033217022.499998,
    "children": []
  },
  "phantasy": {
    "parent": "CSEC",
    "portsneeded": 2,
    "hacklevelneeded": 100,
    "maxCash": 420000000,
    "children": [
      "crush-fitness"
    ]
  },
  "crush-fitness": {
    "parent": "phantasy",
    "portsneeded": 2,
    "hacklevelneeded": 235,
    "maxCash": 903500885,
    "children": [
      "syscore"
    ]
  },
  "syscore": {
    "parent": "crush-fitness",
    "portsneeded": 4,
    "hacklevelneeded": 634,
    "maxCash": 7251602732.5,
    "children": [
      "aevum-police",
      "millenium-fitness"
    ]
  },
  "aevum-police": {
    "parent": "syscore",
    "portsneeded": 4,
    "hacklevelneeded": 417,
    "maxCash": 5717923837.5,
    "children": [
      "aerocorp",
      "global-pharm"
    ]
  },
  "aerocorp": {
    "parent": "aevum-police",
    "portsneeded": 5,
    "hacklevelneeded": 873,
    "maxCash": 17509129155,
    "children": []
  },
  "global-pharm": {
    "parent": "aevum-police",
    "portsneeded": 4,
    "hacklevelneeded": 794,
    "maxCash": 27673242345,
    "children": [
      "deltaone",
      "unitalife"
    ]
  },
  "deltaone": {
    "parent": "global-pharm",
    "portsneeded": 5,
    "hacklevelneeded": 846,
    "maxCash": 26278976535,
    "children": [
      "icarus"
    ]
  },
  "icarus": {
    "parent": "deltaone",
    "portsneeded": 5,
    "hacklevelneeded": 874,
    "maxCash": 16932185462.499998,
    "children": []
  },
  "unitalife": {
    "parent": "global-pharm",
    "portsneeded": 4,
    "hacklevelneeded": 793,
    "maxCash": 18957203860,
    "children": [
      "univ-energy",
      "solaris"
    ]
  },
  "univ-energy": {
    "parent": "unitalife",
    "portsneeded": 4,
    "hacklevelneeded": 821,
    "maxCash": 19855779212.5,
    "children": []
  },
  "solaris": {
    "parent": "unitalife",
    "portsneeded": 5,
    "hacklevelneeded": 825,
    "maxCash": 13053448817.5,
    "children": []
  },
  "millenium-fitness": {
    "parent": "syscore",
    "portsneeded": 3,
    "hacklevelneeded": 495,
    "maxCash": 4375000000,
    "children": []
  },
  "omega-net": {
    "parent": "CSEC",
    "portsneeded": 2,
    "hacklevelneeded": 219,
    "maxCash": 1077545122.5,
    "children": [
      "netlink"
    ]
  },
  "netlink": {
    "parent": "omega-net",
    "portsneeded": 3,
    "hacklevelneeded": 390,
    "maxCash": 4812500000,
    "children": []
  },
  "iron-gym": {
    "parent": "home",
    "portsneeded": 1,
    "hacklevelneeded": 100,
    "maxCash": 350000000,
    "children": []
  }
}